,b,w,h
島村卯月,83,59,87
中野有香,77,57,81
水本ゆかり,81,56,82
福山舞,64,56,70
椎名法子,76,55,79
今井加奈,81,56,79
持田亜里沙,77,54,76
三村かな子,90,65,89
奥山沙織,83,57,81
間中美里,84,57,85
小日向美穂,82,59,86
緒方智絵里,79,57,80
五十嵐響子,81,58,80
柳瀬美由紀,75,54,77
櫻井桃華,72,53,75
江上椿,80,57,80
長富蓮実,83,56,85
横山千佳,60,55,65
関裕美,78,55,80
太田優,89,57,87
棟方愛海,73,56,75
藤本里奈,77,55,80
大原みちる,78,55,80
遊佐こずえ,62,50,65
大沼くるみ,おっきい,ふつう,まぁまぁ
一ノ瀬志希,83,57,82
前川みく,85,55,81
赤西瑛梨華,92,59,88
松原早耶,83,58,86
相原雪乃,92,58,90
宮本フレデリカ,83,57,85
小早川紗枝,78,56,80
西園寺琴歌,87,57,85
双葉杏,?,?,?
楊菲菲,82,58,84
桃井あずき,80,55,78
涼宮星花,82,57,83
月宮雅,86,56,82
兵藤レナ,92,56,84
丹羽仁美,81,55,79
道明寺歌鈴,80,55,83
柳清良,85,58,86
井村雪菜,85,60,88
日下部若葉,77,54,78
榊原里美,91,56,86
輿水幸子,74,52,75
安斎都,78,55,77
浅野風香,88,59,84
大西由里子,81,58,83
安部菜々,84,57,84
工藤忍,78,54,81
栗原ネネ,77,54,78
古賀小春,72,54,77
クラリス,80,55,82
佐久間まゆ,78,54,80
村松さくら,75,55,77
白菊ほたる,77,53,79
早坂美玲,75,54,77
有浦柑奈,78,57,80
乙倉悠貴,70,53,74
原田美世,86,59,85
池袋晶葉,75,53,74
渋谷凛,80,56,81
黒川千秋,86,57,86
松本沙理奈,92,58,85
桐野アヤ,86,56,86
高橋礼子,91,62,90
相川千夏,82,56,85
川島瑞樹,87,57,85
神谷奈緒,83,58,81
上条春菜,79,56,80
荒木比奈,83,57,82
東郷あい,82,57,83
多田李衣菜,80,55,81
水木聖來,82,55,80
佐々木千枝,73,49,73
三船美優,85,60,85
服部瞳子,78,57,80
木場真奈美,88,60,89
藤原肇,80,55,84
新田美波,82,55,85
水野翠,80,54,81
古澤頼子,81,59,83
橘ありす,68,52,67
鷺沢文香,84,54,81
八神マキノ,85,56,83
ライラ,75,54,78
浅利七海,78,55,77
ヘレン,90,58,81
松永涼,90,56,86
小室千奈美,84,56,82
高峯のあ,87,55,86
高垣楓,81,57,83
神崎蘭子,81,57,80
伊集院惠,86,56,81
柊志乃,84,54,83
北条加蓮,83,55,81
ケイト,83,59,85
瀬名詩織,85,58,83
綾瀬穂乃香,85,57,84
佐城雪美,63,47,65
篠原礼,93,58,88
和久井留美,81,60,86
吉岡沙紀,86,60,85
梅木音葉,86,58,85
白坂小梅,65,50,70
岸部彩華,89,59,85
氏家むつみ,78,57,80
西川保奈美,88,60,86
成宮由愛,72,51,73
藤居朋,78,57,83
塩見周子,82,56,81
脇山珠美,72,53,75
岡崎泰葉,79,55,80
速水奏,86,55,84
大石泉,83,55,82
松尾千鶴,78,54,81
森久保乃々,73,55,76
アナスタシア,80,54,80
大和亜季,92,60,85
結城晴,74,55,78
二宮飛鳥,75,55,78
桐生つかさ,83,55,82
望月聖,82,59,86
鷹富士茄子,88,57,88
本田未央,84,58,87
高森藍子,74,60,79
並木芽衣子,80,57,82
龍崎薫,65,51,70
木村夏樹,82,57,83
松山久美子,81,56,81
斉藤洋子,85,57,82
沢田麻理菜,87,57,87
矢口美羽,81,56,80
赤城みりあ,75,55,78
愛野渚,84,58,85
真鍋いつき,85,57,83
大槻唯,84,56,83
姫川友紀,80,57,80
喜多見柚,82,57,82
上田鈴帆,76,55,79
海老原菜帆,92,65,93
及川雫,105,64,92
小関麗奈,75,50,77
衛藤美紗希,84,56,80
星輝子,73,53,75
片桐早苗,92,58,84
堀裕子,81,58,80
西島櫂,86,59,83
的場梨沙,71,58,73
財前時子,83,55,85
依田芳乃,73,53,73
相葉夕美,81,57,80
野々村そら,84,57,85
浜川愛結奈,92,58,85
若林智香,82,57,83
城ヶ崎美嘉,80,56,82
城ヶ崎莉嘉,72,54,75
仙崎恵磨,81,55,81
日野茜,80,60,82
諸星きらり,91,64,86
十時愛梨,86,58,88
ナターリア,84,55,86
相馬夏美,83,60,89
槙原志保,86,57,91
向井拓海,95,60,87
市原仁奈,61,57,67
喜多日菜子,78,56,78
杉坂海,88,58,86
北川真尋,75,57,79
メアリー,71,59,73
小松伊吹,85,59,88
三好紗南,75,56,80
キャシー,83,56,85
難波笑美,82,56,80
浜口あやめ,78,55,80
村上巴,74,53,76
土屋亜子,85,54,83
首藤葵,73,53,75
冴島清美,76,58,78
佐藤心,ぼんっ,きゅっ,ぼんっ♪
南条光,79,58,80
イヴ,81,56,80
